商品ID,标题,价格,销量,店铺,链接
974637655241,【政府补贴】Apple/苹果 iPhone 17,,,,https://item.taobao.com/item.htm?id=974637655241&xxc=home_recommend&umpChannel=bybtqdyh&u_channel=bybtqdyh&scm=1007.40986.467924.0&pvid=fa9f4f21-739c-421d-89b2-d6f58b55b30d&skuId=5928329932665&mi_id=0000Te5jOSQNWibyTlCASZbfu-FiyBxbe1r3v7F7-YZVvmg&utparam=%7B%22item_ctr%22%3A0.12330636382102966%2C%22x_object_type%22%3A%22item%22%2C%22matchType%22%3A%22nann_base%22%2C%22item_price%22%3A%225049%22%2C%22item_cvr%22%3A0.0028895381838083267%2C%22umpCalled%22%3Atrue%2C%22pc_ctr%22%3A0.07100233435630798%2C%22pc_scene%22%3A%2220001%22%2C%22userId%22%3A12808293%2C%22ab_info%22%3A%2230986%23467924%230_30986%23528214%2358507_30986%23527807%2358418_30986%23537217%2360408_30986%23521582%2357267_30986%23526067%2358189_30986%23533297%2359487_30986%23528944%2357910_30986%23530923%2359037_30986%23532805%2359017_30986%23528109%2358485_30986%23545019%2362063_30986%23537488%2360469_30986%23546628%2362403_30986%23537987%2360586_30986%23547837%2362654_30986%23538037%2360595%22%2C%22tpp_buckets%22%3A%2230986%23467924%230_30986%23528214%2358507_30986%23527807%2358418_30986%23537217%2360408_30986%23521582%2357267_30986%23526067%2358189_30986%23533297%2359487_30986%23528944%2357910_30986%23530923%2359037_30986%23532805%2359017_30986%23528109%2358485_30986%23545019%2362063_30986%23537488%2360469_30986%23546628%2362403_30986%23537987%2360586_30986%23547837%2362654_30986%23538037%2360595%22%2C%22aplus_abtest%22%3A%22e75056af6e9c0aee40e75ba6d4ee4f3b%22%2C%22isLogin%22%3Atrue%2C%22abid%22%3A%22528214_527807_537217_521582_526067_533297_528944_530923_532805_528109_545019_537488_546628_537987_547837_538037%22%2C%22pc_pvid%22%3A%22fa9f4f21-739c-421d-89b2-d6f58b55b30d%22%2C%22isWeekLogin%22%3Afalse%2C%22pc_alg_score%22%3A0.2445751520495%2C%22rn%22%3A0%2C%22item_ecpm%22%3A0%2C%22ump_price%22%3A%225049%22%2C%22isXClose%22%3Afalse%2C%22x_object_id%22%3A974637655241%7D&
666977869294,EMMROD迷你便携金属超短钓鱼竿IZ,,,,https://item.taobao.com/item.htm?id=666977869294&xxc=home_recommend&scm=1007.40986.467924.0&pvid=fa9f4f21-739c-421d-89b2-d6f58b55b30d&skuId=4810521805376&mi_id=0000XTSxGwk9ViN47vqJcqk7EAD1BTy2m-kzVe1fB14GVSQ&utparam=%7B%22item_ctr%22%3A0.05414631962776184%2C%22x_object_type%22%3A%22item%22%2C%22matchType%22%3A%22nann_base%22%2C%22item_price%22%3A%22117%22%2C%22item_cvr%22%3A0.000144279096275568%2C%22umpCalled%22%3Atrue%2C%22pc_ctr%22%3A0.06459328532218933%2C%22pc_scene%22%3A%2220001%22%2C%22userId%22%3A12808293%2C%22ab_info%22%3A%2230986%23467924%230_30986%23528214%2358507_30986%23527807%2358418_30986%23537217%2360408_30986%23521582%2357267_30986%23526067%2358189_30986%23533297%2359487_30986%23528944%2357910_30986%23530923%2359037_30986%23532805%2359017_30986%23528109%2358485_30986%23545019%2362063_30986%23537488%2360469_30986%23546628%2362403_30986%23537987%2360586_30986%23547837%2362654_30986%23538037%2360595%22%2C%22tpp_buckets%22%3A%2230986%23467924%230_30986%23528214%2358507_30986%23527807%2358418_30986%23537217%2360408_30986%23521582%2357267_30986%23526067%2358189_30986%23533297%2359487_30986%23528944%2357910_30986%23530923%2359037_30986%23532805%2359017_30986%23528109%2358485_30986%23545019%2362063_30986%23537488%2360469_30986%23546628%2362403_30986%23537987%2360586_30986%23547837%2362654_30986%23538037%2360595%22%2C%22aplus_abtest%22%3A%223eec9dd6eae7c28e7037526a3d31dffe%22%2C%22isLogin%22%3Atrue%2C%22abid%22%3A%22528214_527807_537217_521582_526067_533297_528944_530923_532805_528109_545019_537488_546628_537987_547837_538037%22%2C%22pc_pvid%22%3A%22fa9f4f21-739c-421d-89b2-d6f58b55b30d%22%2C%22isWeekLogin%22%3Afalse%2C%22pc_alg_score%22%3A0.19461867908011%2C%22rn%22%3A1%2C%22item_ecpm%22%3A0%2C%22ump_price%22%3A%22117%22%2C%22isXClose%22%3Afalse%2C%22x_object_id%22%3A666977869294%7D
889026815417,专为户外设计的1130近防炮,,,,https://item.taobao.com/item.htm?id=889026815417&xxc=home_recommend&scm=1007.40986.467924.0&pvid=fa9f4f21-739c-421d-89b2-d6f58b55b30d&skuId=6242998767388&mi_id=0000XHWLVfK9nr-ULQp7Ml6s82uqJ3lfs5adfOBij5v5JM0&utparam=%7B%22item_ctr%22%3A0.06300240755081177%2C%22x_object_type%22%3A%22item%22%2C%22matchType%22%3A%22nann_base%22%2C%22item_price%22%3A%2242.03%22%2C%22item_cvr%22%3A0.00012931083620060235%2C%22umpCalled%22%3Atrue%2C%22pc_ctr%22%3A0.055321186780929565%2C%22pc_scene%22%3A%2220001%22%2C%22userId%22%3A12808293%2C%22ab_info%22%3A%2230986%23467924%230_30986%23528214%2358507_30986%23527807%2358418_30986%23537217%2360408_30986%23521582%2357267_30986%23526067%2358189_30986%23533297%2359487_30986%23528944%2357910_30986%23530923%2359037_30986%23532805%2359017_30986%23528109%2358485_30986%23545019%2362063_30986%23537488%2360469_30986%23546628%2362403_30986%23537987%2360586_30986%23547837%2362654_30986%23538037%2360595%22%2C%22tpp_buckets%22%3A%2230986%23467924%230_30986%23528214%2358507_30986%23527807%2358418_30986%23537217%2360408_30986%23521582%2357267_30986%23526067%2358189_30986%23533297%2359487_30986%23528944%2357910_30986%23530923%2359037_30986%23532805%2359017_30986%23528109%2358485_30986%23545019%2362063_30986%23537488%2360469_30986%23546628%2362403_30986%23537987%2360586_30986%23547837%2362654_30986%23538037%2360595%22%2C%22aplus_abtest%22%3A%2262ec52a394ce94e00dddd6637346b39c%22%2C%22isLogin%22%3Atrue%2C%22abid%22%3A%22528214_527807_537217_521582_526067_533297_528944_530923_532805_528109_545019_537488_546628_537987_547837_538037%22%2C%22pc_pvid%22%3A%22fa9f4f21-739c-421d-89b2-d6f58b55b30d%22%2C%22isWeekLogin%22%3Afalse%2C%22pc_alg_score%22%3A0.16655349224975%2C%22rn%22%3A3%2C%22item_ecpm%22%3A0%2C%22ump_price%22%3A%2242.03%22%2C%22isXClose%22%3Afalse%2C%22x_object_id%22%3A889026815417%7D&
1010463789780,海澜之家山不在高系列短袖衬衫男,,,,https://item.taobao.com/item.htm?id=1010463789780&xxc=home_recommend&scm=1007.40986.467924.0&pvid=fa9f4f21-739c-421d-89b2-d6f58b55b30d&skuId=6011457969126&mi_id=0000aTjpnDgg3FA-stoZMswiLKSWK_4KvLphXF6gtGNL7Ok&utparam=%7B%22item_ctr%22%3A0.09965786337852478%2C%22x_object_type%22%3A%22item%22%2C%22matchType%22%3A%22nann_base%22%2C%22item_price%22%3A%22128%22%2C%22item_cvr%22%3A0.007695636712014675%2C%22umpCalled%22%3Atrue%2C%22pc_ctr%22%3A0.029911339282989502%2C%22pc_scene%22%3A%2220001%22%2C%22userId%22%3A12808293%2C%22ab_info%22%3A%2230986%23467924%230_30986%23528214%2358507_30986%23527807%2358418_30986%23537217%2360408_30986%23521582%2357267_30986%23526067%2358189_30986%23533297%2359487_30986%23528944%2357910_30986%23530923%2359037_30986%23532805%2359017_30986%23528109%2358485_30986%23545019%2362063_30986%23537488%2360469_30986%23546628%2362403_30986%23537987%2360586_30986%23547837%2362654_30986%23538037%2360595%22%2C%22tpp_buckets%22%3A%2230986%23467924%230_30986%23528214%2358507_30986%23527807%2358418_30986%23537217%2360408_30986%23521582%2357267_30986%23526067%2358189_30986%23533297%2359487_30986%23528944%2357910_30986%23530923%2359037_30986%23532805%2359017_30986%23528109%2358485_30986%23545019%2362063_30986%23537488%2360469_30986%23546628%2362403_30986%23537987%2360586_30986%23547837%2362654_30986%23538037%2360595%22%2C%22aplus_abtest%22%3A%22331d4c9f9b33be21deaf2831109a4a8c%22%2C%22isLogin%22%3Atrue%2C%22abid%22%3A%22528214_527807_537217_521582_526067_533297_528944_530923_532805_528109_545019_537488_546628_537987_547837_538037%22%2C%22pc_pvid%22%3A%22fa9f4f21-739c-421d-89b2-d6f58b55b30d%22%2C%22isWeekLogin%22%3Afalse%2C%22pc_alg_score%22%3A0.115708958335%2C%22rn%22%3A4%2C%22item_ecpm%22%3A0%2C%22ump_price%22%3A%22128%22%2C%22isXClose%22%3Afalse%2C%22x_object_id%22%3A1010463789780%7D&
890060643237,优衣库男女装DRY-EX速干T恤短袖,,,,https://item.taobao.com/item.htm?id=890060643237&xxc=home_recommend&scm=1007.40986.467924.0&pvid=fa9f4f21-739c-421d-89b2-d6f58b55b30d&skuId=5737483561506&mi_id=0000VehQV18ZXCkOhqMrHbzbLDE1RndqbMhCs4BLcIYtjv8&utparam=%7B%22item_ctr%22%3A0.14323639869689941%2C%22x_object_type%22%3A%22item%22%2C%22matchType%22%3A%22dm_pvlist_odl%22%2C%22item_price%22%3A%2259%22%2C%22item_cvr%22%3A0.0013197790831327438%2C%22umpCalled%22%3Atrue%2C%22pc_ctr%22%3A0.035011887550354004%2C%22pc_scene%22%3A%2220001%22%2C%22userId%22%3A12808293%2C%22ab_info%22%3A%2230986%23467924%230_30986%23528214%2358507_30986%23527807%2358418_30986%23537217%2360408_30986%23521582%2357267_30986%23526067%2358189_30986%23533297%2359487_30986%23528944%2357910_30986%23530923%2359037_30986%23532805%2359017_30986%23528109%2358485_30986%23545019%2362063_30986%23537488%2360469_30986%23546628%2362403_30986%23537987%2360586_30986%23547837%2362654_30986%23538037%2360595%22%2C%22tpp_buckets%22%3A%2230986%23467924%230_30986%23528214%2358507_30986%23527807%2358418_30986%23537217%2360408_30986%23521582%2357267_30986%23526067%2358189_30986%23533297%2359487_30986%23528944%2357910_30986%23530923%2359037_30986%23532805%2359017_30986%23528109%2358485_30986%23545019%2362063_30986%23537488%2360469_30986%23546628%2362403_30986%23537987%2360586_30986%23547837%2362654_30986%23538037%2360595%22%2C%22aplus_abtest%22%3A%22eab40836e4bd39992fd4cd4a5a7c66d4%22%2C%22isLogin%22%3Atrue%2C%22abid%22%3A%22528214_527807_537217_521582_526067_533297_528944_530923_532805_528109_545019_537488_546628_537987_547837_538037%22%2C%22pc_pvid%22%3A%22fa9f4f21-739c-421d-89b2-d6f58b55b30d%22%2C%22isWeekLogin%22%3Afalse%2C%22pc_alg_score%22%3A0.1094765177192%2C%22rn%22%3A5%2C%22item_ecpm%22%3A0%2C%22ump_price%22%3A%2259%22%2C%22isXClose%22%3Afalse%2C%22x_object_id%22%3A890060643237%7D&
1047371537588,湖北新鲜血桃当季水果整箱,,,,https://item.taobao.com/item.htm?id=1047371537588&xxc=home_recommend&scm=1007.40986.467924.0&pvid=fa9f4f21-739c-421d-89b2-d6f58b55b30d&skuId=6237736390863&mi_id=0000sxZPxMlsiNVEKteCEcswvNM185yW8Au3XSNxt0dNSeg&utparam=%7B%22item_ctr%22%3A0.06122669577598572%2C%22x_object_type%22%3A%22item%22%2C%22matchType%22%3A%22xhot%22%2C%22item_price%22%3A%228.39%22%2C%22item_cvr%22%3A0.018941698595881462%2C%22umpCalled%22%3Atrue%2C%22pc_ctr%22%3A0.020249754190444946%2C%22pc_scene%22%3A%2220001%22%2C%22userId%22%3A12808293%2C%22ab_info%22%3A%2230986%23467924%230_30986%23528214%2358507_30986%23527807%2358418_30986%23537217%2360408_30986%23521582%2357267_30986%23526067%2358189_30986%23533297%2359487_30986%23528944%2357910_30986%23530923%2359037_30986%23532805%2359017_30986%23528109%2358485_30986%23545019%2362063_30986%23537488%2360469_30986%23546628%2362403_30986%23537987%2360586_30986%23547837%2362654_30986%23538037%2360595%22%2C%22tpp_buckets%22%3A%2230986%23467924%230_30986%23528214%2358507_30986%23527807%2358418_30986%23537217%2360408_30986%23521582%2357267_30986%23526067%2358189_30986%23533297%2359487_30986%23528944%2357910_30986%23530923%2359037_30986%23532805%2359017_30986%23528109%2358485_30986%23545019%2362063_30986%23537488%2360469_30986%23546628%2362403_30986%23537987%2360586_30986%23547837%2362654_30986%23538037%2360595%22%2C%22aplus_abtest%22%3A%22b8fb4e17997b3735063750c15a000e81%22%2C%22isLogin%22%3Atrue%2C%22abid%22%3A%22528214_527807_537217_521582_526067_533297_528944_530923_532805_528109_545019_537488_546628_537987_547837_538037%22%2C%22pc_pvid%22%3A%22fa9f4f21-739c-421d-89b2-d6f58b55b30d%22%2C%22isWeekLogin%22%3Afalse%2C%22pc_alg_score%22%3A0.109057577071%2C%22rn%22%3A7%2C%22item_ecpm%22%3A0%2C%22ump_price%22%3A%228.39%22%2C%22isXClose%22%3Afalse%2C%22x_object_id%22%3A1047371537588%7D&
763704636071,无印良品 MUJI 男式 短袖POLO衫,,,,https://item.taobao.com/item.htm?id=763704636071&xxc=home_recommend&scm=1007.40986.467924.0&pvid=fa9f4f21-739c-421d-89b2-d6f58b55b30d&skuId=5256348856815&mi_id=0000AkiVbsyydacJV3DPbeq3xrza8STPX4AlznNMekTYneI&utparam=%7B%22item_ctr%22%3A0.16637122631072998%2C%22x_object_type%22%3A%22item%22%2C%22matchType%22%3A%22pool_dm%22%2C%22item_price%22%3A%2268%22%2C%22item_cvr%22%3A0.004416567739099264%2C%22umpCalled%22%3Atrue%2C%22pc_ctr%22%3A0.030867815017700195%2C%22pc_scene%22%3A%2220001%22%2C%22userId%22%3A12808293%2C%22ab_info%22%3A%2230986%23467924%230_30986%23528214%2358507_30986%23527807%2358418_30986%23537217%2360408_30986%23521582%2357267_30986%23526067%2358189_30986%23533297%2359487_30986%23528944%2357910_30986%23530923%2359037_30986%23532805%2359017_30986%23528109%2358485_30986%23545019%2362063_30986%23537488%2360469_30986%23546628%2362403_30986%23537987%2360586_30986%23547837%2362654_30986%23538037%2360595%22%2C%22tpp_buckets%22%3A%2230986%23467924%230_30986%23528214%2358507_30986%23527807%2358418_30986%23537217%2360408_30986%23521582%2357267_30986%23526067%2358189_30986%23533297%2359487_30986%23528944%2357910_30986%23530923%2359037_30986%23532805%2359017_30986%23528109%2358485_30986%23545019%2362063_30986%23537488%2360469_30986%23546628%2362403_30986%23537987%2360586_30986%23547837%2362654_30986%23538037%2360595%22%2C%22aplus_abtest%22%3A%221f4fd414508594bb6c78d9b0abd6b2bd%22%2C%22isLogin%22%3Atrue%2C%22abid%22%3A%22528214_527807_537217_521582_526067_533297_528944_530923_532805_528109_545019_537488_546628_537987_547837_538037%22%2C%22pc_pvid%22%3A%22fa9f4f21-739c-421d-89b2-d6f58b55b30d%22%2C%22isWeekLogin%22%3Afalse%2C%22pc_alg_score%22%3A0.1072076302071%2C%22rn%22%3A9%2C%22item_ecpm%22%3A0%2C%22ump_price%22%3A%2268%22%2C%22isXClose%22%3Afalse%2C%22x_object_id%22%3A763704636071%7D&
990152489961,风帆强力祛湿茶广西梧州老牌特产,,,,https://item.taobao.com/item.htm?id=990152489961&xxc=home_recommend&scm=1007.40986.467924.0&pvid=fa9f4f21-739c-421d-89b2-d6f58b55b30d&skuId=6123160895205&mi_id=0000JBi59kDdYsnxjud45ELzehnkGipESrf5KiyP33ySrEk&utparam=%7B%22item_ctr%22%3A0.10946503281593323%2C%22x_object_type%22%3A%22item%22%2C%22matchType%22%3A%22dm_pvlist_odl%22%2C%22item_price%22%3A%226.55%22%2C%22item_cvr%22%3A0.00825163722038269%2C%22umpCalled%22%3Atrue%2C%22pc_ctr%22%3A0.02624492719769478%2C%22pc_scene%22%3A%2220001%22%2C%22userId%22%3A12808293%2C%22ab_info%22%3A%2230986%23467924%230_30986%23528214%2358507_30986%23527807%2358418_30986%23537217%2360408_30986%23521582%2357267_30986%23526067%2358189_30986%23533297%2359487_30986%23528944%2357910_30986%23530923%2359037_30986%23532805%2359017_30986%23528109%2358485_30986%23545019%2362063_30986%23537488%2360469_30986%23546628%2362403_30986%23537987%2360586_30986%23547837%2362654_30986%23538037%2360595%22%2C%22tpp_buckets%22%3A%2230986%23467924%230_30986%23528214%2358507_30986%23527807%2358418_30986%23537217%2360408_30986%23521582%2357267_30986%23526067%2358189_30986%23533297%2359487_30986%23528944%2357910_30986%23530923%2359037_30986%23532805%2359017_30986%23528109%2358485_30986%23545019%2362063_30986%23537488%2360469_30986%23546628%2362403_30986%23537987%2360586_30986%23547837%2362654_30986%23538037%2360595%22%2C%22aplus_abtest%22%3A%22318e390e696fa7b2565e6035d6df0b43%22%2C%22isLogin%22%3Atrue%2C%22abid%22%3A%22528214_527807_537217_521582_526067_533297_528944_530923_532805_528109_545019_537488_546628_537987_547837_538037%22%2C%22pc_pvid%22%3A%22fa9f4f21-739c-421d-89b2-d6f58b55b30d%22%2C%22isWeekLogin%22%3Afalse%2C%22pc_alg_score%22%3A0.103276080642%2C%22rn%22%3A10%2C%22item_ecpm%22%3A0%2C%22ump_price%22%3A%226.55%22%2C%22isXClose%22%3Afalse%2C%22x_object_id%22%3A990152489961%7D&
1030686895669,Apple/苹果 iPhone17 全网通国行5G双卡16 拍照直播高性价比手机,,,,https://item.taobao.com/item.htm?id=1030686895669&xxc=home_recommend&scm=1007.40986.467924.0&pvid=fa9f4f21-739c-421d-89b2-d6f58b55b30d&skuId=6210653802669&mi_id=0000TaEHrexG98oSteEDGWmRTZrx6S7fMbOUBjqcz0eel0s&utparam=%7B%22item_ctr%22%3A0.24956268072128296%2C%22x_object_type%22%3A%22item%22%2C%22matchType%22%3A%22nann_base%22%2C%22item_price%22%3A%223135%22%2C%22item_cvr%22%3A0.000019672286725835875%2C%22umpCalled%22%3Atrue%2C%22pc_ctr%22%3A0.07973617315292358%2C%22pc_scene%22%3A%2220001%22%2C%22userId%22%3A12808293%2C%22ab_info%22%3A%2230986%23467924%230_30986%23528214%2358507_30986%23527807%2358418_30986%23537217%2360408_30986%23521582%2357267_30986%23526067%2358189_30986%23533297%2359487_30986%23528944%2357910_30986%23530923%2359037_30986%23532805%2359017_30986%23528109%2358485_30986%23545019%2362063_30986%23537488%2360469_30986%23546628%2362403_30986%23537987%2360586_30986%23547837%2362654_30986%23538037%2360595%22%2C%22tpp_buckets%22%3A%2230986%23467924%230_30986%23528214%2358507_30986%23527807%2358418_30986%23537217%2360408_30986%23521582%2357267_30986%23526067%2358189_30986%23533297%2359487_30986%23528944%2357910_30986%23530923%2359037_30986%23532805%2359017_30986%23528109%2358485_30986%23545019%2362063_30986%23537488%2360469_30986%23546628%2362403_30986%23537987%2360586_30986%23547837%2362654_30986%23538037%2360595%22%2C%22aplus_abtest%22%3A%223a19d4afc586142a66dca254096fbf5a%22%2C%22isLogin%22%3Atrue%2C%22abid%22%3A%22528214_527807_537217_521582_526067_533297_528944_530923_532805_528109_545019_537488_546628_537987_547837_538037%22%2C%22pc_pvid%22%3A%22fa9f4f21-739c-421d-89b2-d6f58b55b30d%22%2C%22isWeekLogin%22%3Afalse%2C%22pc_alg_score%22%3A0.239328313406654%2C%22rn%22%3A12%2C%22item_ecpm%22%3A0%2C%22ump_price%22%3A%223135%22%2C%22isXClose%22%3Afalse%2C%22x_object_id%22%3A1030686895669%7D&
836428063577,耿马露珠一级200克袋装口粮茶,,,,https://item.taobao.com/item.htm?id=836428063577&xxc=home_recommend&scm=1007.40986.467924.0&pvid=fa9f4f21-739c-421d-89b2-d6f58b55b30d&mi_id=0000yv5upJXYslKJeRGEx1C49Y0sS1baDYauMbMZiG9vUSo&utparam=%7B%22item_ctr%22%3A0.09306448698043823%2C%22x_object_type%22%3A%22item%22%2C%22matchType%22%3A%22dm_pvlist_odl%22%2C%22item_price%22%3A%2211.42%22%2C%22item_cvr%22%3A0.007665891200304031%2C%22umpCalled%22%3Atrue%2C%22pc_ctr%22%3A0.026185452938079834%2C%22pc_scene%22%3A%2220001%22%2C%22userId%22%3A12808293%2C%22ab_info%22%3A%2230986%23467924%230_30986%23528214%2358507_30986%23527807%2358418_30986%23537217%2360408_30986%23521582%2357267_30986%23526067%2358189_30986%23533297%2359487_30986%23528944%2357910_30986%23530923%2359037_30986%23532805%2359017_30986%23528109%2358485_30986%23545019%2362063_30986%23537488%2360469_30986%23546628%2362403_30986%23537987%2360586_30986%23547837%2362654_30986%23538037%2360595%22%2C%22tpp_buckets%22%3A%2230986%23467924%230_30986%23528214%2358507_30986%23527807%2358418_30986%23537217%2360408_30986%23521582%2357267_30986%23526067%2358189_30986%23533297%2359487_30986%23528944%2357910_30986%23530923%2359037_30986%23532805%2359017_30986%23528109%2358485_30986%23545019%2362063_30986%23537488%2360469_30986%23546628%2362403_30986%23537987%2360586_30986%23547837%2362654_30986%23538037%2360595%22%2C%22aplus_abtest%22%3A%22b3bf74723692bf9f73fa44b6dfda2ac9%22%2C%22isLogin%22%3Atrue%2C%22abid%22%3A%22528214_527807_537217_521582_526067_533297_528944_530923_532805_528109_545019_537488_546628_537987_547837_538037%22%2C%22pc_pvid%22%3A%22fa9f4f21-739c-421d-89b2-d6f58b55b30d%22%2C%22isWeekLogin%22%3Afalse%2C%22pc_alg_score%22%3A0.1011648863651%2C%22rn%22%3A14%2C%22item_ecpm%22%3A0%2C%22ump_price%22%3A%2211.42%22%2C%22isXClose%22%3Afalse%2C%22x_object_id%22%3A836428063577%7D&
941674649242,外穿懒人一脚蹬渔夫鞋透气半拖,,,,https://item.taobao.com/item.htm?id=941674649242&xxc=home_recommend&scm=1007.40986.467924.0&pvid=fa9f4f21-739c-421d-89b2-d6f58b55b30d&skuId=6208614827913&mi_id=0000UJ1PjwdcF1kv9TNGnHxI6ImqcWIgJ4HS6vmvuhWhGfQ&utparam=%7B%22item_ctr%22%3A0.13464438915252686%2C%22x_object_type%22%3A%22item%22%2C%22matchType%22%3A%22nann_base%22%2C%22item_price%22%3A%2248.97%22%2C%22item_cvr%22%3A0.0011559055419638753%2C%22umpCalled%22%3Atrue%2C%22pc_ctr%22%3A0.032348692417144775%2C%22pc_scene%22%3A%2220001%22%2C%22userId%22%3A12808293%2C%22ab_info%22%3A%2230986%23467924%230_30986%23528214%2358507_30986%23527807%2358418_30986%23537217%2360408_30986%23521582%2357267_30986%23526067%2358189_30986%23533297%2359487_30986%23528944%2357910_30986%23530923%2359037_30986%23532805%2359017_30986%23528109%2358485_30986%23545019%2362063_30986%23537488%2360469_30986%23546628%2362403_30986%23537987%2360586_30986%23547837%2362654_30986%23538037%2360595%22%2C%22tpp_buckets%22%3A%2230986%23467924%230_30986%23528214%2358507_30986%23527807%2358418_30986%23537217%2360408_30986%23521582%2357267_30986%23526067%2358189_30986%23533297%2359487_30986%23528944%2357910_30986%23530923%2359037_30986%23532805%2359017_30986%23528109%2358485_30986%23545019%2362063_30986%23537488%2360469_30986%23546628%2362403_30986%23537987%2360586_30986%23547837%2362654_30986%23538037%2360595%22%2C%22aplus_abtest%22%3A%22813eb2baf111c423c1505bf651fda253%22%2C%22isLogin%22%3Atrue%2C%22abid%22%3A%22528214_527807_537217_521582_526067_533297_528944_530923_532805_528109_545019_537488_546628_537987_547837_538037%22%2C%22pc_pvid%22%3A%22fa9f4f21-739c-421d-89b2-d6f58b55b30d%22%2C%22isWeekLogin%22%3Afalse%2C%22pc_alg_score%22%3A0.1005857941732%2C%22rn%22%3A16%2C%22item_ecpm%22%3A0%2C%22ump_price%22%3A%2248.97%22%2C%22isXClose%22%3Afalse%2C%22x_object_id%22%3A941674649242%7D&
1015211433276,50支金属肤感加厚防风打火机耐用批发定制订做印字2026新款正品,,,,https://item.taobao.com/item.htm?id=1015211433276&xxc=home_recommend&scm=1007.40986.467924.0&pvid=fa9f4f21-739c-421d-89b2-d6f58b55b30d&skuId=6185463606276&mi_id=0000aU5y0DSygoIa1X-2Qcr79Pm9UrZYtHXbCF7bC0F1dYI&utparam=%7B%22item_ctr%22%3A0.0880948007106781%2C%22x_object_type%22%3A%22item%22%2C%22matchType%22%3A%22xhot%22%2C%22item_price%22%3A%226.92%22%2C%22item_cvr%22%3A0.005598251707851887%2C%22umpCalled%22%3Atrue%2C%22pc_ctr%22%3A0.027249068021774292%2C%22pc_scene%22%3A%2220001%22%2C%22userId%22%3A12808293%2C%22ab_info%22%3A%2230986%23467924%230_30986%23528214%2358507_30986%23527807%2358418_30986%23537217%2360408_30986%23521582%2357267_30986%23526067%2358189_30986%23533297%2359487_30986%23528944%2357910_30986%23530923%2359037_30986%23532805%2359017_30986%23528109%2358485_30986%23545019%2362063_30986%23537488%2360469_30986%23546628%2362403_30986%23537987%2360586_30986%23547837%2362654_30986%23538037%2360595%22%2C%22tpp_buckets%22%3A%2230986%23467924%230_30986%23528214%2358507_30986%23527807%2358418_30986%23537217%2360408_30986%23521582%2357267_30986%23526067%2358189_30986%23533297%2359487_30986%23528944%2357910_30986%23530923%2359037_30986%23532805%2359017_30986%23528109%2358485_30986%23545019%2362063_30986%23537488%2360469_30986%23546628%2362403_30986%23537987%2360586_30986%23547837%2362654_30986%23538037%2360595%22%2C%22aplus_abtest%22%3A%2271d782cdaf38592aa9f699f853a0675b%22%2C%22isLogin%22%3Atrue%2C%22abid%22%3A%22528214_527807_537217_521582_526067_533297_528944_530923_532805_528109_545019_537488_546628_537987_547837_538037%22%2C%22pc_pvid%22%3A%22fa9f4f21-739c-421d-89b2-d6f58b55b30d%22%2C%22isWeekLogin%22%3Afalse%2C%22pc_alg_score%22%3A0.0984328681882%2C%22rn%22%3A18%2C%22item_ecpm%22%3A0%2C%22ump_price%22%3A%226.92%22%2C%22isXClose%22%3Afalse%2C%22x_object_id%22%3A1015211433276%7D&
970167298273,OR冬季户外防寒抓绒保暖帽男女,,,,https://item.taobao.com/item.htm?id=970167298273&xxc=home_recommend&scm=1007.40986.467924.0&pvid=fa9f4f21-739c-421d-89b2-d6f58b55b30d&skuId=6085411642396&mi_id=0000BzoQSv_-bjqdUmoY8c0QMggd8lyOf61dmyg-6NmaUpU&utparam=%7B%22item_ctr%22%3A0.13874006271362305%2C%22x_object_type%22%3A%22item%22%2C%22matchType%22%3A%22disc_dm_pvlist%22%2C%22item_price%22%3A%22365%22%2C%22item_cvr%22%3A0.00037550259730778635%2C%22umpCalled%22%3Atrue%2C%22pc_ctr%22%3A0.03165432810783386%2C%22pc_scene%22%3A%2220001%22%2C%22userId%22%3A12808293%2C%22ab_info%22%3A%2230986%23467924%230_30986%23528214%2358507_30986%23527807%2358418_30986%23537217%2360408_30986%23521582%2357267_30986%23526067%2358189_30986%23533297%2359487_30986%23528944%2357910_30986%23530923%2359037_30986%23532805%2359017_30986%23528109%2358485_30986%23545019%2362063_30986%23537488%2360469_30986%23546628%2362403_30986%23537987%2360586_30986%23547837%2362654_30986%23538037%2360595%22%2C%22tpp_buckets%22%3A%2230986%23467924%230_30986%23528214%2358507_30986%23527807%2358418_30986%23537217%2360408_30986%23521582%2357267_30986%23526067%2358189_30986%23533297%2359487_30986%23528944%2357910_30986%23530923%2359037_30986%23532805%2359017_30986%23528109%2358485_30986%23545019%2362063_30986%23537488%2360469_30986%23546628%2362403_30986%23537987%2360586_30986%23547837%2362654_30986%23538037%2360595%22%2C%22aplus_abtest%22%3A%22c4729b84024b5207eba5bffd49a7c79c%22%2C%22isLogin%22%3Atrue%2C%22abid%22%3A%22528214_527807_537217_521582_526067_533297_528944_530923_532805_528109_545019_537488_546628_537987_547837_538037%22%2C%22pc_pvid%22%3A%22fa9f4f21-739c-421d-89b2-d6f58b55b30d%22%2C%22isWeekLogin%22%3Afalse%2C%22pc_alg_score%22%3A0.09599082160231%2C%22rn%22%3A20%2C%22item_ecpm%22%3A0%2C%22ump_price%22%3A%22365%22%2C%22isXClose%22%3Afalse%2C%22x_object_id%22%3A970167298273%7D&
759272407005,2025年东北新鲜玉米啃糯新鲜玉米,,,,https://item.taobao.com/item.htm?id=759272407005&xxc=home_recommend&scm=1007.40986.467924.0&pvid=fa9f4f21-739c-421d-89b2-d6f58b55b30d&skuId=5232606068744&mi_id=0000npN_lB3VMGZ1vozTtTZ5DM_DYMSjGvKtKUr8Qmr3aYE&utparam=%7B%22item_ctr%22%3A0.042072564363479614%2C%22x_object_type%22%3A%22item%22%2C%22matchType%22%3A%22dm_allipv%22%2C%22item_price%22%3A%2212.92%22%2C%22item_cvr%22%3A0.02701481804251671%2C%22umpCalled%22%3Atrue%2C%22pc_ctr%22%3A0.013054251670837402%2C%22pc_scene%22%3A%2220001%22%2C%22userId%22%3A12808293%2C%22ab_info%22%3A%2230986%23467924%230_30986%23528214%2358507_30986%23527807%2358418_30986%23537217%2360408_30986%23521582%2357267_30986%23526067%2358189_30986%23533297%2359487_30986%23528944%2357910_30986%23530923%2359037_30986%23532805%2359017_30986%23528109%2358485_30986%23545019%2362063_30986%23537488%2360469_30986%23546628%2362403_30986%23537987%2360586_30986%23547837%2362654_30986%23538037%2360595%22%2C%22tpp_buckets%22%3A%2230986%23467924%230_30986%23528214%2358507_30986%23527807%2358418_30986%23537217%2360408_30986%23521582%2357267_30986%23526067%2358189_30986%23533297%2359487_30986%23528944%2357910_30986%23530923%2359037_30986%23532805%2359017_30986%23528109%2358485_30986%23545019%2362063_30986%23537488%2360469_30986%23546628%2362403_30986%23537987%2360586_30986%23547837%2362654_30986%23538037%2360595%22%2C%22aplus_abtest%22%3A%229f379f0ace9dc81aa2b8c382207422fd%22%2C%22isLogin%22%3Atrue%2C%22abid%22%3A%22528214_527807_537217_521582_526067_533297_528944_530923_532805_528109_545019_537488_546628_537987_547837_538037%22%2C%22pc_pvid%22%3A%22fa9f4f21-739c-421d-89b2-d6f58b55b30d%22%2C%22isWeekLogin%22%3Afalse%2C%22pc_alg_score%22%3A0.0944760263937%2C%22rn%22%3A22%2C%22item_ecpm%22%3A0%2C%22ump_price%22%3A%2212.92%22%2C%22isXClose%22%3Afalse%2C%22x_object_id%22%3A759272407005%7D&
940528455503,减压手指链齿飞轮链条陀螺,,,,https://item.taobao.com/item.htm?id=940528455503&xxc=home_recommend&scm=1007.40986.467924.0&pvid=01eaa124-14ae-41e2-a647-5cb7b81668d6&skuId=5953246464518&mi_id=0000Cxur2Jk5nRI86glQJSg-JkFhMov4I0OjkHYvEHukvNk&utparam=%7B%22item_ctr%22%3A0.14908447861671448%2C%22x_object_type%22%3A%22item%22%2C%22matchType%22%3A%22nann_base%22%2C%22item_price%22%3A%224.42%22%2C%22item_cvr%22%3A0.00385439395904541%2C%22umpCalled%22%3Atrue%2C%22pc_ctr%22%3A0.0679067075252533%2C%22pc_scene%22%3A%2220001%22%2C%22userId%22%3A12808293%2C%22ab_info%22%3A%2230986%23467924%230_30986%23528214%2358507_30986%23527807%2358418_30986%23537217%2360408_30986%23521582%2357267_30986%23526067%2358189_30986%23533297%2359487_30986%23528944%2357910_30986%23530923%2359037_30986%23532805%2359017_30986%23528109%2358485_30986%23545019%2362063_30986%23537488%2360469_30986%23546628%2362403_30986%23537987%2360586_30986%23547837%2362654_30986%23538037%2360595%22%2C%22tpp_buckets%22%3A%2230986%23467924%230_30986%23528214%2358507_30986%23527807%2358418_30986%23537217%2360408_30986%23521582%2357267_30986%23526067%2358189_30986%23533297%2359487_30986%23528944%2357910_30986%23530923%2359037_30986%23532805%2359017_30986%23528109%2358485_30986%23545019%2362063_30986%23537488%2360469_30986%23546628%2362403_30986%23537987%2360586_30986%23547837%2362654_30986%23538037%2360595%22%2C%22aplus_abtest%22%3A%223fedab10caa0a518aa201bc1331896ac%22%2C%22isLogin%22%3Atrue%2C%22abid%22%3A%22528214_527807_537217_521582_526067_533297_528944_530923_532805_528109_545019_537488_546628_537987_547837_538037%22%2C%22pc_pvid%22%3A%2201eaa124-14ae-41e2-a647-5cb7b81668d6%22%2C%22isWeekLogin%22%3Afalse%2C%22pc_alg_score%22%3A0.2444198007354%2C%22rn%22%3A0%2C%22item_ecpm%22%3A0%2C%22ump_price%22%3A%224.42%22%2C%22isXClose%22%3Afalse%2C%22x_object_id%22%3A940528455503%7D&
1032963960231,Apple/苹果 iPhone 17手机国行双卡新款iphone17双卡手机5g全网通,,,,https://item.taobao.com/item.htm?id=1032963960231&xxc=home_recommend&scm=1007.40986.467924.0&pvid=01eaa124-14ae-41e2-a647-5cb7b81668d6&skuId=6045994565845&mi_id=0000l_oCmu12DBuinyj6tu_gkcnBXXgg-woHkw63pSGzvlI&utparam=%7B%22item_ctr%22%3A0.25781095027923584%2C%22x_object_type%22%3A%22item%22%2C%22matchType%22%3A%22nann_base%22%2C%22item_price%22%3A%223067.71%22%2C%22item_cvr%22%3A0.00004100799560546875%2C%22umpCalled%22%3Atrue%2C%22pc_ctr%22%3A0.07470697164535522%2C%22pc_scene%22%3A%2220001%22%2C%22userId%22%3A12808293%2C%22ab_info%22%3A%2230986%23467924%230_30986%23528214%2358507_30986%23527807%2358418_30986%23537217%2360408_30986%23521582%2357267_30986%23526067%2358189_30986%23533297%2359487_30986%23528944%2357910_30986%23530923%2359037_30986%23532805%2359017_30986%23528109%2358485_30986%23545019%2362063_30986%23537488%2360469_30986%23546628%2362403_30986%23537987%2360586_30986%23547837%2362654_30986%23538037%2360595%22%2C%22tpp_buckets%22%3A%2230986%23467924%230_30986%23528214%2358507_30986%23527807%2358418_30986%23537217%2360408_30986%23521582%2357267_30986%23526067%2358189_30986%23533297%2359487_30986%23528944%2357910_30986%23530923%2359037_30986%23532805%2359017_30986%23528109%2358485_30986%23545019%2362063_30986%23537488%2360469_30986%23546628%2362403_30986%23537987%2360586_30986%23547837%2362654_30986%23538037%2360595%22%2C%22aplus_abtest%22%3A%22d92a6792a22ad7068a159d281af44d00%22%2C%22isLogin%22%3Atrue%2C%22abid%22%3A%22528214_527807_537217_521582_526067_533297_528944_530923_532805_528109_545019_537488_546628_537987_547837_538037%22%2C%22pc_pvid%22%3A%2201eaa124-14ae-41e2-a647-5cb7b81668d6%22%2C%22isWeekLogin%22%3Afalse%2C%22pc_alg_score%22%3A0.224371278023099%2C%22rn%22%3A1%2C%22item_ecpm%22%3A0%2C%22ump_price%22%3A%223067.71%22%2C%22isXClose%22%3Afalse%2C%22x_object_id%22%3A1032963960231%7D&
816090016098,男女跑步鞋清风透气减震,,,,https://item.taobao.com/item.htm?id=816090016098&xxc=home_recommend&scm=1007.40986.467924.0&pvid=01eaa124-14ae-41e2-a647-5cb7b81668d6&skuId=5687047578048&mi_id=00000NXWnI7JYo6aQLUwE3lzQXf3lMo7u0ubZ6mNQZRCPeA&utparam=%7B%22item_ctr%22%3A0.15599381923675537%2C%22x_object_type%22%3A%22item%22%2C%22matchType%22%3A%22dm_pvlist_odl%22%2C%22item_price%22%3A%22179%22%2C%22item_cvr%22%3A0.001680999994277954%2C%22umpCalled%22%3Atrue%2C%22pc_ctr%22%3A0.06027647852897644%2C%22pc_scene%22%3A%2220001%22%2C%22userId%22%3A12808293%2C%22ab_info%22%3A%2230986%23467924%230_30986%23528214%2358507_30986%23527807%2358418_30986%23537217%2360408_30986%23521582%2357267_30986%23526067%2358189_30986%23533297%2359487_30986%23528944%2357910_30986%23530923%2359037_30986%23532805%2359017_30986%23528109%2358485_30986%23545019%2362063_30986%23537488%2360469_30986%23546628%2362403_30986%23537987%2360586_30986%23547837%2362654_30986%23538037%2360595%22%2C%22tpp_buckets%22%3A%2230986%23467924%230_30986%23528214%2358507_30986%23527807%2358418_30986%23537217%2360408_30986%23521582%2357267_30986%23526067%2358189_30986%23533297%2359487_30986%23528944%2357910_30986%23530923%2359037_30986%23532805%2359017_30986%23528109%2358485_30986%23545019%2362063_30986%23537488%2360469_30986%23546628%2362403_30986%23537987%2360586_30986%23547837%2362654_30986%23538037%2360595%22%2C%22aplus_abtest%22%3A%222b1a68ee0a9004f93cd951f1f98950ad%22%2C%22isLogin%22%3Atrue%2C%22abid%22%3A%22528214_527807_537217_521582_526067_533297_528944_530923_532805_528109_545019_537488_546628_537987_547837_538037%22%2C%22pc_pvid%22%3A%2201eaa124-14ae-41e2-a647-5cb7b81668d6%22%2C%22isWeekLogin%22%3Afalse%2C%22pc_alg_score%22%3A0.1933923821362%2C%22rn%22%3A2%2C%22item_ecpm%22%3A0%2C%22ump_price%22%3A%22179%22%2C%22isXClose%22%3Afalse%2C%22x_object_id%22%3A816090016098%7D&
988286720514,户外野炊露营环保方块引火神器烧烤点碳神器携带方便防水农村引火,,,,https://item.taobao.com/item.htm?id=988286720514&xxc=home_recommend&scm=1007.40986.467924.0&pvid=01eaa124-14ae-41e2-a647-5cb7b81668d6&skuId=5950796592099&mi_id=0000LTlk_9WthuaaOaSvperwCBTxrrV1ioKaWO-mwX789X8&utparam=%7B%22item_ctr%22%3A0.24181699752807617%2C%22x_object_type%22%3A%22item%22%2C%22matchType%22%3A%22nann_base%22%2C%22item_price%22%3A%225.98%22%2C%22item_cvr%22%3A0.00013554096221923828%2C%22umpCalled%22%3Atrue%2C%22pc_ctr%22%3A0.06237071752548218%2C%22pc_scene%22%3A%2220001%22%2C%22userId%22%3A12808293%2C%22ab_info%22%3A%2230986%23467924%230_30986%23528214%2358507_30986%23527807%2358418_30986%23537217%2360408_30986%23521582%2357267_30986%23526067%2358189_30986%23533297%2359487_30986%23528944%2357910_30986%23530923%2359037_30986%23532805%2359017_30986%23528109%2358485_30986%23545019%2362063_30986%23537488%2360469_30986%23546628%2362403_30986%23537987%2360586_30986%23547837%2362654_30986%23538037%2360595%22%2C%22tpp_buckets%22%3A%2230986%23467924%230_30986%23528214%2358507_30986%23527807%2358418_30986%23537217%2360408_30986%23521582%2357267_30986%23526067%2358189_30986%23533297%2359487_30986%23528944%2357910_30986%23530923%2359037_30986%23532805%2359017_30986%23528109%2358485_30986%23545019%2362063_30986%23537488%2360469_30986%23546628%2362403_30986%23537987%2360586_30986%23547837%2362654_30986%23538037%2360595%22%2C%22aplus_abtest%22%3A%22c0d93de932479b65e6986ae771b4f3c4%22%2C%22isLogin%22%3Atrue%2C%22abid%22%3A%22528214_527807_537217_521582_526067_533297_528944_530923_532805_528109_545019_537488_546628_537987_547837_538037%22%2C%22pc_pvid%22%3A%2201eaa124-14ae-41e2-a647-5cb7b81668d6%22%2C%22isWeekLogin%22%3Afalse%2C%22pc_alg_score%22%3A0.1878524220776%2C%22rn%22%3A3%2C%22item_ecpm%22%3A0%2C%22ump_price%22%3A%225.98%22%2C%22isXClose%22%3Afalse%2C%22x_object_id%22%3A988286720514%7D&
846846779742,送儿童3D玩具打印机diy立体手办,,,,https://item.taobao.com/item.htm?id=846846779742&xxc=home_recommend&scm=1007.40986.467924.0&pvid=01eaa124-14ae-41e2-a647-5cb7b81668d6&skuId=5939805007304&mi_id=0000AGWrUGprTFqVXqE0-bikHM2yoT6mW7CVd0dGNkRo6XU&utparam=%7B%22item_ctr%22%3A0.23496770858764648%2C%22x_object_type%22%3A%22item%22%2C%22matchType%22%3A%22nann_base%22%2C%22item_price%22%3A%22284%22%2C%22item_cvr%22%3A0.00025710463523864746%2C%22umpCalled%22%3Atrue%2C%22pc_ctr%22%3A0.05606400966644287%2C%22pc_scene%22%3A%2220001%22%2C%22userId%22%3A12808293%2C%22ab_info%22%3A%2230986%23467924%230_30986%23528214%2358507_30986%23527807%2358418_30986%23537217%2360408_30986%23521582%2357267_30986%23526067%2358189_30986%23533297%2359487_30986%23528944%2357910_30986%23530923%2359037_30986%23532805%2359017_30986%23528109%2358485_30986%23545019%2362063_30986%23537488%2360469_30986%23546628%2362403_30986%23537987%2360586_30986%23547837%2362654_30986%23538037%2360595%22%2C%22tpp_buckets%22%3A%2230986%23467924%230_30986%23528214%2358507_30986%23527807%2358418_30986%23537217%2360408_30986%23521582%2357267_30986%23526067%2358189_30986%23533297%2359487_30986%23528944%2357910_30986%23530923%2359037_30986%23532805%2359017_30986%23528109%2358485_30986%23545019%2362063_30986%23537488%2360469_30986%23546628%2362403_30986%23537987%2360586_30986%23547837%2362654_30986%23538037%2360595%22%2C%22aplus_abtest%22%3A%2234d634028e44247937b7b3161a6f10b6%22%2C%22isLogin%22%3Atrue%2C%22abid%22%3A%22528214_527807_537217_521582_526067_533297_528944_530923_532805_528109_545019_537488_546628_537987_547837_538037%22%2C%22pc_pvid%22%3A%2201eaa124-14ae-41e2-a647-5cb7b81668d6%22%2C%22isWeekLogin%22%3Afalse%2C%22pc_alg_score%22%3A0.16949854169897%2C%22rn%22%3A4%2C%22item_ecpm%22%3A0%2C%22ump_price%22%3A%22284%22%2C%22isXClose%22%3Afalse%2C%22x_object_id%22%3A846846779742%7D&
774171695531,猫咪自由进出门自动关门,,,,https://item.taobao.com/item.htm?id=774171695531&xxc=home_recommend&scm=1007.40986.467924.0&pvid=01eaa124-14ae-41e2-a647-5cb7b81668d6&skuId=6247169611956&mi_id=0000lClH4vZa7EiMJ2oXbqQyk2awZpAXa47gyPxzWcQR88k&utparam=%7B%22item_ctr%22%3A0.14074158668518066%2C%22x_object_type%22%3A%22item%22%2C%22matchType%22%3A%22disc_dm_interest%22%2C%22item_price%22%3A%229.9%22%2C%22item_cvr%22%3A0.0006462037563323975%2C%22umpCalled%22%3Atrue%2C%22pc_ctr%22%3A0.05283445119857788%2C%22pc_scene%22%3A%2220001%22%2C%22userId%22%3A12808293%2C%22ab_info%22%3A%2230986%23467924%230_30986%23528214%2358507_30986%23527807%2358418_30986%23537217%2360408_30986%23521582%2357267_30986%23526067%2358189_30986%23533297%2359487_30986%23528944%2357910_30986%23530923%2359037_30986%23532805%2359017_30986%23528109%2358485_30986%23545019%2362063_30986%23537488%2360469_30986%23546628%2362403_30986%23537987%2360586_30986%23547837%2362654_30986%23538037%2360595%22%2C%22tpp_buckets%22%3A%2230986%23467924%230_30986%23528214%2358507_30986%23527807%2358418_30986%23537217%2360408_30986%23521582%2357267_30986%23526067%2358189_30986%23533297%2359487_30986%23528944%2357910_30986%23530923%2359037_30986%23532805%2359017_30986%23528109%2358485_30986%23545019%2362063_30986%23537488%2360469_30986%23546628%2362403_30986%23537987%2360586_30986%23547837%2362654_30986%23538037%2360595%22%2C%22aplus_abtest%22%3A%224328653908442141e34529c09bac8ca9%22%2C%22isLogin%22%3Atrue%2C%22abid%22%3A%22528214_527807_537217_521582_526067_533297_528944_530923_532805_528109_545019_537488_546628_537987_547837_538037%22%2C%22pc_pvid%22%3A%2201eaa124-14ae-41e2-a647-5cb7b81668d6%22%2C%22isWeekLogin%22%3Afalse%2C%22pc_alg_score%22%3A0.1619079101402%2C%22rn%22%3A5%2C%22item_ecpm%22%3A0%2C%22ump_price%22%3A%229.9%22%2C%22isXClose%22%3Afalse%2C%22x_object_id%22%3A774171695531%7D&
877511954070,拖挂指挥方舱沙漠越野方舱野外宿营车方舱后勤保障车方舱厂家,,,,https://item.taobao.com/item.htm?id=877511954070&xxc=home_recommend&scm=1007.40986.467924.0&pvid=01eaa124-14ae-41e2-a647-5cb7b81668d6&skuId=5884277846614&mi_id=0000OSr63cEFycf3H6iuJUzvlEbXZfBuZeKT6wEsyKKQtz4&utparam=%7B%22item_ctr%22%3A0.2469218671321869%2C%22x_object_type%22%3A%22item%22%2C%22matchType%22%3A%22nann_base%22%2C%22item_price%22%3A%221000%22%2C%22item_cvr%22%3A0.00003886222839355469%2C%22umpCalled%22%3Atrue%2C%22pc_ctr%22%3A0.05052858591079712%2C%22pc_scene%22%3A%2220001%22%2C%22userId%22%3A12808293%2C%22ab_info%22%3A%2230986%23467924%230_30986%23528214%2358507_30986%23527807%2358418_30986%23537217%2360408_30986%23521582%2357267_30986%23526067%2358189_30986%23533297%2359487_30986%23528944%2357910_30986%23530923%2359037_30986%23532805%2359017_30986%23528109%2358485_30986%23545019%2362063_30986%23537488%2360469_30986%23546628%2362403_30986%23537987%2360586_30986%23547837%2362654_30986%23538037%2360595%22%2C%22tpp_buckets%22%3A%2230986%23467924%230_30986%23528214%2358507_30986%23527807%2358418_30986%23537217%2360408_30986%23521582%2357267_30986%23526067%2358189_30986%23533297%2359487_30986%23528944%2357910_30986%23530923%2359037_30986%23532805%2359017_30986%23528109%2358485_30986%23545019%2362063_30986%23537488%2360469_30986%23546628%2362403_30986%23537987%2360586_30986%23547837%2362654_30986%23538037%2360595%22%2C%22aplus_abtest%22%3A%2242bc3089912dbd7998ebd852be667d72%22%2C%22isLogin%22%3Atrue%2C%22abid%22%3A%22528214_527807_537217_521582_526067_533297_528944_530923_532805_528109_545019_537488_546628_537987_547837_538037%22%2C%22pc_pvid%22%3A%2201eaa124-14ae-41e2-a647-5cb7b81668d6%22%2C%22isWeekLogin%22%3Afalse%2C%22pc_alg_score%22%3A0.151723473314095%2C%22rn%22%3A6%2C%22item_ecpm%22%3A0%2C%22ump_price%22%3A%221000%22%2C%22isXClose%22%3Afalse%2C%22x_object_id%22%3A877511954070%7D&
1050346183900,摔不烂钢化玻璃杯500ml耐摔高温硼硅双层玻璃杯保护套男士茶杯,,,,https://item.taobao.com/item.htm?id=1050346183900&xxc=home_recommend&scm=1007.40986.467924.0&pvid=01eaa124-14ae-41e2-a647-5cb7b81668d6&skuId=6084504604645&mi_id=0000Hj5EDT7fOwh-cntizOUrwxIZV6FCz04DVDWJx1lToLk&utparam=%7B%22item_ctr%22%3A0.14457207918167114%2C%22x_object_type%22%3A%22item%22%2C%22matchType%22%3A%22dm_pvlist_odl%22%2C%22item_price%22%3A%223.52%22%2C%22item_cvr%22%3A0.009376198053359985%2C%22umpCalled%22%3Atrue%2C%22pc_ctr%22%3A0.0326269268989563%2C%22pc_scene%22%3A%2220001%22%2C%22userId%22%3A12808293%2C%22ab_info%22%3A%2230986%23467924%230_30986%23528214%2358507_30986%23527807%2358418_30986%23537217%2360408_30986%23521582%2357267_30986%23526067%2358189_30986%23533297%2359487_30986%23528944%2357910_30986%23530923%2359037_30986%23532805%2359017_30986%23528109%2358485_30986%23545019%2362063_30986%23537488%2360469_30986%23546628%2362403_30986%23537987%2360586_30986%23547837%2362654_30986%23538037%2360595%22%2C%22tpp_buckets%22%3A%2230986%23467924%230_30986%23528214%2358507_30986%23527807%2358418_30986%23537217%2360408_30986%23521582%2357267_30986%23526067%2358189_30986%23533297%2359487_30986%23528944%2357910_30986%23530923%2359037_30986%23532805%2359017_30986%23528109%2358485_30986%23545019%2362063_30986%23537488%2360469_30986%23546628%2362403_30986%23537987%2360586_30986%23547837%2362654_30986%23538037%2360595%22%2C%22aplus_abtest%22%3A%226fbb49b96494536ed646a70641651fc0%22%2C%22isLogin%22%3Atrue%2C%22abid%22%3A%22528214_527807_537217_521582_526067_533297_528944_530923_532805_528109_545019_537488_546628_537987_547837_538037%22%2C%22pc_pvid%22%3A%2201eaa124-14ae-41e2-a647-5cb7b81668d6%22%2C%22isWeekLogin%22%3Afalse%2C%22pc_alg_score%22%3A0.133603661293%2C%22rn%22%3A7%2C%22item_ecpm%22%3A0%2C%22ump_price%22%3A%223.52%22%2C%22isXClose%22%3Afalse%2C%22x_object_id%22%3A1050346183900%7D&
821879895720,打工人牛马草坪工位懒人苔藓盆栽,,,,https://item.taobao.com/item.htm?id=821879895720&xxc=home_recommend&scm=1007.40986.467924.0&pvid=01eaa124-14ae-41e2-a647-5cb7b81668d6&skuId=5598396509571&mi_id=0000X2gc-ljIKJDy_BiAvtodOP16AHhGcs4Pz-e7kSuJoWk&utparam=%7B%22item_ctr%22%3A0.19395342469215393%2C%22x_object_type%22%3A%22item%22%2C%22matchType%22%3A%22disc_dm_interest%22%2C%22item_price%22%3A%2218.6%22%2C%22item_cvr%22%3A0.0014494061470031738%2C%22umpCalled%22%3Atrue%2C%22pc_ctr%22%3A0.04109343886375427%2C%22pc_scene%22%3A%2220001%22%2C%22userId%22%3A12808293%2C%22ab_info%22%3A%2230986%23467924%230_30986%23528214%2358507_30986%23527807%2358418_30986%23537217%2360408_30986%23521582%2357267_30986%23526067%2358189_30986%23533297%2359487_30986%23528944%2357910_30986%23530923%2359037_30986%23532805%2359017_30986%23528109%2358485_30986%23545019%2362063_30986%23537488%2360469_30986%23546628%2362403_30986%23537987%2360586_30986%23547837%2362654_30986%23538037%2360595%22%2C%22tpp_buckets%22%3A%2230986%23467924%230_30986%23528214%2358507_30986%23527807%2358418_30986%23537217%2360408_30986%23521582%2357267_30986%23526067%2358189_30986%23533297%2359487_30986%23528944%2357910_30986%23530923%2359037_30986%23532805%2359017_30986%23528109%2358485_30986%23545019%2362063_30986%23537488%2360469_30986%23546628%2362403_30986%23537987%2360586_30986%23547837%2362654_30986%23538037%2360595%22%2C%22aplus_abtest%22%3A%226321bd3502d18424ccd253c62def5183%22%2C%22isLogin%22%3Atrue%2C%22abid%22%3A%22528214_527807_537217_521582_526067_533297_528944_530923_532805_528109_545019_537488_546628_537987_547837_538037%22%2C%22pc_pvid%22%3A%2201eaa124-14ae-41e2-a647-5cb7b81668d6%22%2C%22isWeekLogin%22%3Afalse%2C%22pc_alg_score%22%3A0.1292415643647%2C%22rn%22%3A8%2C%22item_ecpm%22%3A0%2C%22ump_price%22%3A%2218.6%22%2C%22isXClose%22%3Afalse%2C%22x_object_id%22%3A821879895720%7D&
974619066443,Apple/苹果 iPhone 17,,,,https://item.taobao.com/item.htm?id=974619066443&xxc=home_recommend&scm=1007.40986.467924.0&pvid=01eaa124-14ae-41e2-a647-5cb7b81668d6&skuId=5928750201002&mi_id=0000YHJCAj4mrGcIDZyEFC0RzsMc18t-k30EyRByEn3i_1w&utparam=%7B%22item_ctr%22%3A0.13253992795944214%2C%22x_object_type%22%3A%22item%22%2C%22matchType%22%3A%22td%22%2C%22item_price%22%3A%225799%22%2C%22item_cvr%22%3A0.0006905198097229004%2C%22umpCalled%22%3Atrue%2C%22pc_ctr%22%3A0.054384052753448486%2C%22pc_scene%22%3A%2220001%22%2C%22userId%22%3A12808293%2C%22ab_info%22%3A%2230986%23467924%230_30986%23528214%2358507_30986%23527807%2358418_30986%23537217%2360408_30986%23521582%2357267_30986%23526067%2358189_30986%23533297%2359487_30986%23528944%2357910_30986%23530923%2359037_30986%23532805%2359017_30986%23528109%2358485_30986%23545019%2362063_30986%23537488%2360469_30986%23546628%2362403_30986%23537987%2360586_30986%23547837%2362654_30986%23538037%2360595%22%2C%22tpp_buckets%22%3A%2230986%23467924%230_30986%23528214%2358507_30986%23527807%2358418_30986%23537217%2360408_30986%23521582%2357267_30986%23526067%2358189_30986%23533297%2359487_30986%23528944%2357910_30986%23530923%2359037_30986%23532805%2359017_30986%23528109%2358485_30986%23545019%2362063_30986%23537488%2360469_30986%23546628%2362403_30986%23537987%2360586_30986%23547837%2362654_30986%23538037%2360595%22%2C%22aplus_abtest%22%3A%2247e2970b5e0096c30246b6116b88c53c%22%2C%22isLogin%22%3Atrue%2C%22abid%22%3A%22528214_527807_537217_521582_526067_533297_528944_530923_532805_528109_545019_537488_546628_537987_547837_538037%22%2C%22pc_pvid%22%3A%2201eaa124-14ae-41e2-a647-5cb7b81668d6%22%2C%22isWeekLogin%22%3Afalse%2C%22pc_alg_score%22%3A0.1669870661194%2C%22rn%22%3A9%2C%22item_ecpm%22%3A0%2C%22ump_price%22%3A%225799%22%2C%22isXClose%22%3Afalse%2C%22x_object_id%22%3A974619066443%7D&
984303073135,"影视飓风""凉伴""2.0抗菌短袖T恤",,,,https://item.taobao.com/item.htm?id=984303073135&xxc=home_recommend&scm=1007.40986.467924.0&pvid=01eaa124-14ae-41e2-a647-5cb7b81668d6&skuId=6217691467214&mi_id=0000Y5reQNAIa_friEMVfB-CiEpzGPjonicYu_uQlgSY4hA&utparam=%7B%22item_ctr%22%3A0.09314137697219849%2C%22x_object_type%22%3A%22item%22%2C%22matchType%22%3A%22xhot%22%2C%22item_price%22%3A%2278.01%22%2C%22item_cvr%22%3A0.00624123215675354%2C%22umpCalled%22%3Atrue%2C%22pc_ctr%22%3A0.03328964114189148%2C%22pc_scene%22%3A%2220001%22%2C%22userId%22%3A12808293%2C%22ab_info%22%3A%2230986%23467924%230_30986%23528214%2358507_30986%23527807%2358418_30986%23537217%2360408_30986%23521582%2357267_30986%23526067%2358189_30986%23533297%2359487_30986%23528944%2357910_30986%23530923%2359037_30986%23532805%2359017_30986%23528109%2358485_30986%23545019%2362063_30986%23537488%2360469_30986%23546628%2362403_30986%23537987%2360586_30986%23547837%2362654_30986%23538037%2360595%22%2C%22tpp_buckets%22%3A%2230986%23467924%230_30986%23528214%2358507_30986%23527807%2358418_30986%23537217%2360408_30986%23521582%2357267_30986%23526067%2358189_30986%23533297%2359487_30986%23528944%2357910_30986%23530923%2359037_30986%23532805%2359017_30986%23528109%2358485_30986%23545019%2362063_30986%23537488%2360469_30986%23546628%2362403_30986%23537987%2360586_30986%23547837%2362654_30986%23538037%2360595%22%2C%22aplus_abtest%22%3A%222689ad32b794c1d3e87763fbd8c55357%22%2C%22isLogin%22%3Atrue%2C%22abid%22%3A%22528214_527807_537217_521582_526067_533297_528944_530923_532805_528109_545019_537488_546628_537987_547837_538037%22%2C%22pc_pvid%22%3A%2201eaa124-14ae-41e2-a647-5cb7b81668d6%22%2C%22isWeekLogin%22%3Afalse%2C%22pc_alg_score%22%3A0.123167347783%2C%22rn%22%3A10%2C%22item_ecpm%22%3A0%2C%22ump_price%22%3A%2278.01%22%2C%22isXClose%22%3Afalse%2C%22x_object_id%22%3A984303073135%7D&
802456221508,广州十三行高端出口外贸设计师款舒适圆领长袖卫衣男士高品质上衣,,,,https://item.taobao.com/item.htm?id=802456221508&xxc=home_recommend&scm=1007.40986.467924.0&pvid=01eaa124-14ae-41e2-a647-5cb7b81668d6&skuId=5465886673717&mi_id=00003J-AZLUAQk5D48iYoq2uORBMDDvnlqse8gt4UuDhvWU&utparam=%7B%22item_ctr%22%3A0.18927347660064697%2C%22x_object_type%22%3A%22item%22%2C%22matchType%22%3A%22dm_interest%22%2C%22item_price%22%3A%2258.6%22%2C%22item_cvr%22%3A0.000529557466506958%2C%22umpCalled%22%3Atrue%2C%22pc_ctr%22%3A0.04003235697746277%2C%22pc_scene%22%3A%2220001%22%2C%22userId%22%3A12808293%2C%22ab_info%22%3A%2230986%23467924%230_30986%23528214%2358507_30986%23527807%2358418_30986%23537217%2360408_30986%23521582%2357267_30986%23526067%2358189_30986%23533297%2359487_30986%23528944%2357910_30986%23530923%2359037_30986%23532805%2359017_30986%23528109%2358485_30986%23545019%2362063_30986%23537488%2360469_30986%23546628%2362403_30986%23537987%2360586_30986%23547837%2362654_30986%23538037%2360595%22%2C%22tpp_buckets%22%3A%2230986%23467924%230_30986%23528214%2358507_30986%23527807%2358418_30986%23537217%2360408_30986%23521582%2357267_30986%23526067%2358189_30986%23533297%2359487_30986%23528944%2357910_30986%23530923%2359037_30986%23532805%2359017_30986%23528109%2358485_30986%23545019%2362063_30986%23537488%2360469_30986%23546628%2362403_30986%23537987%2360586_30986%23547837%2362654_30986%23538037%2360595%22%2C%22aplus_abtest%22%3A%225a9455f92398059f32bbc70de0a2d643%22%2C%22isLogin%22%3Atrue%2C%22abid%22%3A%22528214_527807_537217_521582_526067_533297_528944_530923_532805_528109_545019_537488_546628_537987_547837_538037%22%2C%22pc_pvid%22%3A%2201eaa124-14ae-41e2-a647-5cb7b81668d6%22%2C%22isWeekLogin%22%3Afalse%2C%22pc_alg_score%22%3A0.12198359871847%2C%22rn%22%3A11%2C%22item_ecpm%22%3A0%2C%22ump_price%22%3A%2258.6%22%2C%22isXClose%22%3Afalse%2C%22x_object_id%22%3A802456221508%7D&
1049797289374,新款凡客瑕疵低帮男士软底帆布鞋轻便经典款黑色休闲运动百搭板鞋,,,,https://item.taobao.com/item.htm?id=1049797289374&xxc=home_recommend&scm=1007.40986.467924.0&pvid=01eaa124-14ae-41e2-a647-5cb7b81668d6&skuId=6250017427877&mi_id=0000Uxo5e86a0ZK6zLSPmcnMIz9WPFoCKVwzgbM7TAM3pio&utparam=%7B%22item_ctr%22%3A0.08552795648574829%2C%22x_object_type%22%3A%22item%22%2C%22matchType%22%3A%22dm_pvlist_odl%22%2C%22item_price%22%3A%2229.52%22%2C%22item_cvr%22%3A0.026105940341949463%2C%22umpCalled%22%3Atrue%2C%22pc_ctr%22%3A0.01847165822982788%2C%22pc_scene%22%3A%2220001%22%2C%22userId%22%3A12808293%2C%22ab_info%22%3A%2230986%23467924%230_30986%23528214%2358507_30986%23527807%2358418_30986%23537217%2360408_30986%23521582%2357267_30986%23526067%2358189_30986%23533297%2359487_30986%23528944%2357910_30986%23530923%2359037_30986%23532805%2359017_30986%23528109%2358485_30986%23545019%2362063_30986%23537488%2360469_30986%23546628%2362403_30986%23537987%2360586_30986%23547837%2362654_30986%23538037%2360595%22%2C%22tpp_buckets%22%3A%2230986%23467924%230_30986%23528214%2358507_30986%23527807%2358418_30986%23537217%2360408_30986%23521582%2357267_30986%23526067%2358189_30986%23533297%2359487_30986%23528944%2357910_30986%23530923%2359037_30986%23532805%2359017_30986%23528109%2358485_30986%23545019%2362063_30986%23537488%2360469_30986%23546628%2362403_30986%23537987%2360586_30986%23547837%2362654_30986%23538037%2360595%22%2C%22aplus_abtest%22%3A%22e7caecce71afbe5a385c621f1059cd69%22%2C%22isLogin%22%3Atrue%2C%22abid%22%3A%22528214_527807_537217_521582_526067_533297_528944_530923_532805_528109_545019_537488_546628_537987_547837_538037%22%2C%22pc_pvid%22%3A%2201eaa124-14ae-41e2-a647-5cb7b81668d6%22%2C%22isWeekLogin%22%3Afalse%2C%22pc_alg_score%22%3A0.119132565639%2C%22rn%22%3A12%2C%22item_ecpm%22%3A0%2C%22ump_price%22%3A%2229.52%22%2C%22isXClose%22%3Afalse%2C%22x_object_id%22%3A1049797289374%7D&
949050549580,上课无聊了夹手机上看养在手上的微生物多迷人!带灯60倍显微镜,,,,https://item.taobao.com/item.htm?id=949050549580&xxc=home_recommend&scm=1007.40986.467924.0&pvid=01eaa124-14ae-41e2-a647-5cb7b81668d6&skuId=6026932531166&mi_id=0000jyw_WUuYQ4lneH7gnoGdH2sdKlDxo2SHtxoAp0IfFsY&utparam=%7B%22item_ctr%22%3A0.27091702818870544%2C%22x_object_type%22%3A%22item%22%2C%22matchType%22%3A%22nann_base%22%2C%22item_price%22%3A%2213.8%22%2C%22item_cvr%22%3A0.0002715885639190674%2C%22umpCalled%22%3Atrue%2C%22pc_ctr%22%3A0.039026230573654175%2C%22pc_scene%22%3A%2220001%22%2C%22userId%22%3A12808293%2C%22ab_info%22%3A%2230986%23467924%230_30986%23528214%2358507_30986%23527807%2358418_30986%23537217%2360408_30986%23521582%2357267_30986%23526067%2358189_30986%23533297%2359487_30986%23528944%2357910_30986%23530923%2359037_30986%23532805%2359017_30986%23528109%2358485_30986%23545019%2362063_30986%23537488%2360469_30986%23546628%2362403_30986%23537987%2360586_30986%23547837%2362654_30986%23538037%2360595%22%2C%22tpp_buckets%22%3A%2230986%23467924%230_30986%23528214%2358507_30986%23527807%2358418_30986%23537217%2360408_30986%23521582%2357267_30986%23526067%2358189_30986%23533297%2359487_30986%23528944%2357910_30986%23530923%2359037_30986%23532805%2359017_30986%23528109%2358485_30986%23545019%2362063_30986%23537488%2360469_30986%23546628%2362403_30986%23537987%2360586_30986%23547837%2362654_30986%23538037%2360595%22%2C%22aplus_abtest%22%3A%22dbf2864b0ff36343f8d2bae8398aa1ce%22%2C%22isLogin%22%3Atrue%2C%22abid%22%3A%22528214_527807_537217_521582_526067_533297_528944_530923_532805_528109_545019_537488_546628_537987_547837_538037%22%2C%22pc_pvid%22%3A%2201eaa124-14ae-41e2-a647-5cb7b81668d6%22%2C%22isWeekLogin%22%3Afalse%2C%22pc_alg_score%22%3A0.11795887574838%2C%22rn%22%3A13%2C%22item_ecpm%22%3A0%2C%22ump_price%22%3A%2213.8%22%2C%22isXClose%22%3Afalse%2C%22x_object_id%22%3A949050549580%7D&
1035144310837,「生命的脉络」高级感镂空手镯,,,,https://item.taobao.com/item.htm?id=1035144310837&xxc=home_recommend&scm=1007.40986.467924.0&pvid=01eaa124-14ae-41e2-a647-5cb7b81668d6&skuId=6052054773651&mi_id=0000VQMvwLqJQnxtYJVgogvEZyT1uMYjDuALHLJOFwHW910&utparam=%7B%22item_ctr%22%3A0.29131782054901123%2C%22x_object_type%22%3A%22item%22%2C%22matchType%22%3A%22nann_base%22%2C%22item_price%22%3A%2232.1%22%2C%22item_cvr%22%3A0.0001430511474609375%2C%22umpCalled%22%3Atrue%2C%22pc_ctr%22%3A0.03723761439323425%2C%22pc_scene%22%3A%2220001%22%2C%22userId%22%3A12808293%2C%22ab_info%22%3A%2230986%23467924%230_30986%23528214%2358507_30986%23527807%2358418_30986%23537217%2360408_30986%23521582%2357267_30986%23526067%2358189_30986%23533297%2359487_30986%23528944%2357910_30986%23530923%2359037_30986%23532805%2359017_30986%23528109%2358485_30986%23545019%2362063_30986%23537488%2360469_30986%23546628%2362403_30986%23537987%2360586_30986%23547837%2362654_30986%23538037%2360595%22%2C%22tpp_buckets%22%3A%2230986%23467924%230_30986%23528214%2358507_30986%23527807%2358418_30986%23537217%2360408_30986%23521582%2357267_30986%23526067%2358189_30986%23533297%2359487_30986%23528944%2357910_30986%23530923%2359037_30986%23532805%2359017_30986%23528109%2358485_30986%23545019%2362063_30986%23537488%2360469_30986%23546628%2362403_30986%23537987%2360586_30986%23547837%2362654_30986%23538037%2360595%22%2C%22aplus_abtest%22%3A%22391b3b11d76d7f67a319a3959ed55217%22%2C%22isLogin%22%3Atrue%2C%22abid%22%3A%22528214_527807_537217_521582_526067_533297_528944_530923_532805_528109_545019_537488_546628_537987_547837_538037%22%2C%22pc_pvid%22%3A%2201eaa124-14ae-41e2-a647-5cb7b81668d6%22%2C%22isWeekLogin%22%3Afalse%2C%22pc_alg_score%22%3A0.11213091397271%2C%22rn%22%3A14%2C%22item_ecpm%22%3A0%2C%22ump_price%22%3A%2232.1%22%2C%22isXClose%22%3Afalse%2C%22x_object_id%22%3A1035144310837%7D&
921887729162,设计感速干背心男款夏季外穿t恤,,,,https://item.taobao.com/item.htm?id=921887729162&xxc=home_recommend&scm=1007.40986.467924.0&pvid=01eaa124-14ae-41e2-a647-5cb7b81668d6&skuId=5962705070677&mi_id=0000-LGzO2XQ-r0BXitKLiFe4lXFdCaQ9mrTyGXTIWvMGAI&utparam=%7B%22item_ctr%22%3A0.17920175194740295%2C%22x_object_type%22%3A%22item%22%2C%22matchType%22%3A%22nann_base%22%2C%22item_price%22%3A%2244%22%2C%22item_cvr%22%3A0.0013564229011535645%2C%22umpCalled%22%3Atrue%2C%22pc_ctr%22%3A0.03579464554786682%2C%22pc_scene%22%3A%2220001%22%2C%22userId%22%3A12808293%2C%22ab_info%22%3A%2230986%23467924%230_30986%23528214%2358507_30986%23527807%2358418_30986%23537217%2360408_30986%23521582%2357267_30986%23526067%2358189_30986%23533297%2359487_30986%23528944%2357910_30986%23530923%2359037_30986%23532805%2359017_30986%23528109%2358485_30986%23545019%2362063_30986%23537488%2360469_30986%23546628%2362403_30986%23537987%2360586_30986%23547837%2362654_30986%23538037%2360595%22%2C%22tpp_buckets%22%3A%2230986%23467924%230_30986%23528214%2358507_30986%23527807%2358418_30986%23537217%2360408_30986%23521582%2357267_30986%23526067%2358189_30986%23533297%2359487_30986%23528944%2357910_30986%23530923%2359037_30986%23532805%2359017_30986%23528109%2358485_30986%23545019%2362063_30986%23537488%2360469_30986%23546628%2362403_30986%23537987%2360586_30986%23547837%2362654_30986%23538037%2360595%22%2C%22aplus_abtest%22%3A%22b5913d4462ab65df0e9ee8cb7aada289%22%2C%22isLogin%22%3Atrue%2C%22abid%22%3A%22528214_527807_537217_521582_526067_533297_528944_530923_532805_528109_545019_537488_546628_537987_547837_538037%22%2C%22pc_pvid%22%3A%2201eaa124-14ae-41e2-a647-5cb7b81668d6%22%2C%22isWeekLogin%22%3Afalse%2C%22pc_alg_score%22%3A0.112073677893%2C%22rn%22%3A15%2C%22item_ecpm%22%3A0%2C%22ump_price%22%3A%2244%22%2C%22isXClose%22%3Afalse%2C%22x_object_id%22%3A921887729162%7D&
1047723553471,老树桂味荔枝!加购送1斤!顺丰,,,,https://item.taobao.com/item.htm?id=1047723553471&xxc=home_recommend&scm=1007.40986.467924.0&pvid=01eaa124-14ae-41e2-a647-5cb7b81668d6&skuId=6239128111893&mi_id=0000ma0hOWvcoDCSBzVsSTJWOBGkXJgAeZoNcTz3KZx89iA&utparam=%7B%22item_ctr%22%3A0.08679845929145813%2C%22x_object_type%22%3A%22item%22%2C%22matchType%22%3A%22dm_pvlist_odl%22%2C%22item_price%22%3A%2263.8%22%2C%22item_cvr%22%3A0.004627525806427002%2C%22umpCalled%22%3Atrue%2C%22pc_ctr%22%3A0.03188398480415344%2C%22pc_scene%22%3A%2220001%22%2C%22userId%22%3A12808293%2C%22ab_info%22%3A%2230986%23467924%230_30986%23528214%2358507_30986%23527807%2358418_30986%23537217%2360408_30986%23521582%2357267_30986%23526067%2358189_30986%23533297%2359487_30986%23528944%2357910_30986%23530923%2359037_30986%23532805%2359017_30986%23528109%2358485_30986%23545019%2362063_30986%23537488%2360469_30986%23546628%2362403_30986%23537987%2360586_30986%23547837%2362654_30986%23538037%2360595%22%2C%22tpp_buckets%22%3A%2230986%23467924%230_30986%23528214%2358507_30986%23527807%2358418_30986%23537217%2360408_30986%23521582%2357267_30986%23526067%2358189_30986%23533297%2359487_30986%23528944%2357910_30986%23530923%2359037_30986%23532805%2359017_30986%23528109%2358485_30986%23545019%2362063_30986%23537488%2360469_30986%23546628%2362403_30986%23537987%2360586_30986%23547837%2362654_30986%23538037%2360595%22%2C%22aplus_abtest%22%3A%2224c4a7bafa50fea764e3d04a08460efb%22%2C%22isLogin%22%3Atrue%2C%22abid%22%3A%22528214_527807_537217_521582_526067_533297_528944_530923_532805_528109_545019_537488_546628_537987_547837_538037%22%2C%22pc_pvid%22%3A%2201eaa124-14ae-41e2-a647-5cb7b81668d6%22%2C%22isWeekLogin%22%3Afalse%2C%22pc_alg_score%22%3A0.1115776957518%2C%22rn%22%3A16%2C%22item_ecpm%22%3A0%2C%22ump_price%22%3A%2263.8%22%2C%22isXClose%22%3Afalse%2C%22x_object_id%22%3A1047723553471%7D&
908888300800,TEABAG｜迷你牡丹鹦鹉生日礼物送女生朋友小鸟玩具bjd微缩ob116分,,,,https://item.taobao.com/item.htm?id=908888300800&xxc=home_recommend&scm=1007.40986.467924.0&pvid=01eaa124-14ae-41e2-a647-5cb7b81668d6&skuId=5768418624604&mi_id=00009T0vf6Xak81yrgyT56d1Y8UmJGamIunMCiK1VeZ8fCs&utparam=%7B%22item_ctr%22%3A0.2924676537513733%2C%22x_object_type%22%3A%22item%22%2C%22matchType%22%3A%22nann_base%22%2C%22item_price%22%3A%22275%22%2C%22item_cvr%22%3A0.000160902738571167%2C%22umpCalled%22%3Atrue%2C%22pc_ctr%22%3A0.03628614544868469%2C%22pc_scene%22%3A%2220001%22%2C%22userId%22%3A12808293%2C%22ab_info%22%3A%2230986%23467924%230_30986%23528214%2358507_30986%23527807%2358418_30986%23537217%2360408_30986%23521582%2357267_30986%23526067%2358189_30986%23533297%2359487_30986%23528944%2357910_30986%23530923%2359037_30986%23532805%2359017_30986%23528109%2358485_30986%23545019%2362063_30986%23537488%2360469_30986%23546628%2362403_30986%23537987%2360586_30986%23547837%2362654_30986%23538037%2360595%22%2C%22tpp_buckets%22%3A%2230986%23467924%230_30986%23528214%2358507_30986%23527807%2358418_30986%23537217%2360408_30986%23521582%2357267_30986%23526067%2358189_30986%23533297%2359487_30986%23528944%2357910_30986%23530923%2359037_30986%23532805%2359017_30986%23528109%2358485_30986%23545019%2362063_30986%23537488%2360469_30986%23546628%2362403_30986%23537987%2360586_30986%23547837%2362654_30986%23538037%2360595%22%2C%22aplus_abtest%22%3A%22e800e59989c8fb63744ec21c8ea1c665%22%2C%22isLogin%22%3Atrue%2C%22abid%22%3A%22528214_527807_537217_521582_526067_533297_528944_530923_532805_528109_545019_537488_546628_537987_547837_538037%22%2C%22pc_pvid%22%3A%2201eaa124-14ae-41e2-a647-5cb7b81668d6%22%2C%22isWeekLogin%22%3Afalse%2C%22pc_alg_score%22%3A0.10932221281352%2C%22rn%22%3A17%2C%22item_ecpm%22%3A0%2C%22ump_price%22%3A%22275%22%2C%22isXClose%22%3Afalse%2C%22x_object_id%22%3A908888300800%7D&
897102040779,新疆棉 300g重磅厚实不透纯棉短袖t恤男女纯色圆领宽松学生大码夏,,,,https://item.taobao.com/item.htm?id=897102040779&xxc=home_recommend&scm=1007.40986.467924.0&pvid=01eaa124-14ae-41e2-a647-5cb7b81668d6&skuId=5915268290097&mi_id=0000IRo4WZvwD_jaE4-ccby2NdRBhKgMZ2cXGhjJXq9qEkk&utparam=%7B%22item_ctr%22%3A0.09145301580429077%2C%22x_object_type%22%3A%22item%22%2C%22matchType%22%3A%22dm_allnet_pay%22%2C%22item_price%22%3A%2217.3%22%2C%22item_cvr%22%3A0.02437657117843628%2C%22umpCalled%22%3Atrue%2C%22pc_ctr%22%3A0.019657254219055176%2C%22pc_scene%22%3A%2220001%22%2C%22userId%22%3A12808293%2C%22ab_info%22%3A%2230986%23467924%230_30986%23528214%2358507_30986%23527807%2358418_30986%23537217%2360408_30986%23521582%2357267_30986%23526067%2358189_30986%23533297%2359487_30986%23528944%2357910_30986%23530923%2359037_30986%23532805%2359017_30986%23528109%2358485_30986%23545019%2362063_30986%23537488%2360469_30986%23546628%2362403_30986%23537987%2360586_30986%23547837%2362654_30986%23538037%2360595%22%2C%22tpp_buckets%22%3A%2230986%23467924%230_30986%23528214%2358507_30986%23527807%2358418_30986%23537217%2360408_30986%23521582%2357267_30986%23526067%2358189_30986%23533297%2359487_30986%23528944%2357910_30986%23530923%2359037_30986%23532805%2359017_30986%23528109%2358485_30986%23545019%2362063_30986%23537488%2360469_30986%23546628%2362403_30986%23537987%2360586_30986%23547837%2362654_30986%23538037%2360595%22%2C%22aplus_abtest%22%3A%22290c44403c569c331b9636bce6e37f1d%22%2C%22isLogin%22%3Atrue%2C%22abid%22%3A%22528214_527807_537217_521582_526067_533297_528944_530923_532805_528109_545019_537488_546628_537987_547837_538037%22%2C%22pc_pvid%22%3A%2201eaa124-14ae-41e2-a647-5cb7b81668d6%22%2C%22isWeekLogin%22%3Afalse%2C%22pc_alg_score%22%3A0.120834834105%2C%22rn%22%3A18%2C%22item_ecpm%22%3A0%2C%22ump_price%22%3A%2217.3%22%2C%22isXClose%22%3Afalse%2C%22x_object_id%22%3A897102040779%7D&
1049043267504,2026头茬血桃！现摘现发果园直采,,,,https://item.taobao.com/item.htm?id=1049043267504&xxc=home_recommend&scm=1007.40986.467924.0&pvid=01eaa124-14ae-41e2-a647-5cb7b81668d6&skuId=6246199387173&mi_id=0000jonEELUordcq8L1KpU5aSNo-_lzVg5MDDU5Ow2JD0T4&utparam=%7B%22item_ctr%22%3A0.08540213108062744%2C%22x_object_type%22%3A%22item%22%2C%22matchType%22%3A%22xhot%22%2C%22item_price%22%3A%2216.8%22%2C%22item_cvr%22%3A0.014672011137008667%2C%22umpCalled%22%3Atrue%2C%22pc_ctr%22%3A0.022292256355285645%2C%22pc_scene%22%3A%2220001%22%2C%22userId%22%3A12808293%2C%22ab_info%22%3A%2230986%23467924%230_30986%23528214%2358507_30986%23527807%2358418_30986%23537217%2360408_30986%23521582%2357267_30986%23526067%2358189_30986%23533297%2359487_30986%23528944%2357910_30986%23530923%2359037_30986%23532805%2359017_30986%23528109%2358485_30986%23545019%2362063_30986%23537488%2360469_30986%23546628%2362403_30986%23537987%2360586_30986%23547837%2362654_30986%23538037%2360595%22%2C%22tpp_buckets%22%3A%2230986%23467924%230_30986%23528214%2358507_30986%23527807%2358418_30986%23537217%2360408_30986%23521582%2357267_30986%23526067%2358189_30986%23533297%2359487_30986%23528944%2357910_30986%23530923%2359037_30986%23532805%2359017_30986%23528109%2358485_30986%23545019%2362063_30986%23537488%2360469_30986%23546628%2362403_30986%23537987%2360586_30986%23547837%2362654_30986%23538037%2360595%22%2C%22aplus_abtest%22%3A%22a28a7e8132ba93ff0f61eae9d332fa5a%22%2C%22isLogin%22%3Atrue%2C%22abid%22%3A%22528214_527807_537217_521582_526067_533297_528944_530923_532805_528109_545019_537488_546628_537987_547837_538037%22%2C%22pc_pvid%22%3A%2201eaa124-14ae-41e2-a647-5cb7b81668d6%22%2C%22isWeekLogin%22%3Afalse%2C%22pc_alg_score%22%3A0.106465437924%2C%22rn%22%3A19%2C%22item_ecpm%22%3A0%2C%22ump_price%22%3A%2216.8%22%2C%22isXClose%22%3Afalse%2C%22x_object_id%22%3A1049043267504%7D&
675517836125,爆米花软底轻便跑鞋情侣鞋运动,,,,https://item.taobao.com/item.htm?id=675517836125&xxc=home_recommend&scm=1007.40986.467924.0&pvid=01eaa124-14ae-41e2-a647-5cb7b81668d6&skuId=4943811240697&mi_id=0000jWT2I19vUXJNBM2rvhqHjkLQHhnzI30MfQeLGxn2t0A&utparam=%7B%22item_ctr%22%3A0.1671198010444641%2C%22x_object_type%22%3A%22item%22%2C%22matchType%22%3A%22nann_base%22%2C%22item_price%22%3A%2242.64%22%2C%22item_cvr%22%3A0.008445650339126587%2C%22umpCalled%22%3Atrue%2C%22pc_ctr%22%3A0.026297450065612793%2C%22pc_scene%22%3A%2220001%22%2C%22userId%22%3A12808293%2C%22ab_info%22%3A%2230986%23467924%230_30986%23528214%2358507_30986%23527807%2358418_30986%23537217%2360408_30986%23521582%2357267_30986%23526067%2358189_30986%23533297%2359487_30986%23528944%2357910_30986%23530923%2359037_30986%23532805%2359017_30986%23528109%2358485_30986%23545019%2362063_30986%23537488%2360469_30986%23546628%2362403_30986%23537987%2360586_30986%23547837%2362654_30986%23538037%2360595%22%2C%22tpp_buckets%22%3A%2230986%23467924%230_30986%23528214%2358507_30986%23527807%2358418_30986%23537217%2360408_30986%23521582%2357267_30986%23526067%2358189_30986%23533297%2359487_30986%23528944%2357910_30986%23530923%2359037_30986%23532805%2359017_30986%23528109%2358485_30986%23545019%2362063_30986%23537488%2360469_30986%23546628%2362403_30986%23537987%2360586_30986%23547837%2362654_30986%23538037%2360595%22%2C%22aplus_abtest%22%3A%22e8ecf329093da7d2c8395c433483eadd%22%2C%22isLogin%22%3Atrue%2C%22abid%22%3A%22528214_527807_537217_521582_526067_533297_528944_530923_532805_528109_545019_537488_546628_537987_547837_538037%22%2C%22pc_pvid%22%3A%2201eaa124-14ae-41e2-a647-5cb7b81668d6%22%2C%22isWeekLogin%22%3Afalse%2C%22pc_alg_score%22%3A0.104108452947%2C%22rn%22%3A20%2C%22item_ecpm%22%3A0%2C%22ump_price%22%3A%2242.64%22%2C%22isXClose%22%3Afalse%2C%22x_object_id%22%3A675517836125%7D&
812961451858,纯亚麻短袖t恤男夏季中国风宽松薄款V领上衣复古休闲半袖麻料体恤,,,,https://item.taobao.com/item.htm?id=812961451858&xxc=home_recommend&scm=1007.40986.467924.0&pvid=01eaa124-14ae-41e2-a647-5cb7b81668d6&skuId=5675620998522&mi_id=0000ebKWiANkC8nMl1k-pIWcfh6iaC29RY3q7ClsGGSzJKo&utparam=%7B%22item_ctr%22%3A0.0955432653427124%2C%22x_object_type%22%3A%22item%22%2C%22matchType%22%3A%22nann_base%22%2C%22item_price%22%3A%228.63%22%2C%22item_cvr%22%3A0.006169021129608154%2C%22umpCalled%22%3Atrue%2C%22pc_ctr%22%3A0.026671558618545532%2C%22pc_scene%22%3A%2220001%22%2C%22userId%22%3A12808293%2C%22ab_info%22%3A%2230986%23467924%230_30986%23528214%2358507_30986%23527807%2358418_30986%23537217%2360408_30986%23521582%2357267_30986%23526067%2358189_30986%23533297%2359487_30986%23528944%2357910_30986%23530923%2359037_30986%23532805%2359017_30986%23528109%2358485_30986%23545019%2362063_30986%23537488%2360469_30986%23546628%2362403_30986%23537987%2360586_30986%23547837%2362654_30986%23538037%2360595%22%2C%22tpp_buckets%22%3A%2230986%23467924%230_30986%23528214%2358507_30986%23527807%2358418_30986%23537217%2360408_30986%23521582%2357267_30986%23526067%2358189_30986%23533297%2359487_30986%23528944%2357910_30986%23530923%2359037_30986%23532805%2359017_30986%23528109%2358485_30986%23545019%2362063_30986%23537488%2360469_30986%23546628%2362403_30986%23537987%2360586_30986%23547837%2362654_30986%23538037%2360595%22%2C%22aplus_abtest%22%3A%2253a4200c61f5a384e403d2c704ce3a76%22%2C%22isLogin%22%3Atrue%2C%22abid%22%3A%22528214_527807_537217_521582_526067_533297_528944_530923_532805_528109_545019_537488_546628_537987_547837_538037%22%2C%22pc_pvid%22%3A%2201eaa124-14ae-41e2-a647-5cb7b81668d6%22%2C%22isWeekLogin%22%3Afalse%2C%22pc_alg_score%22%3A0.0981856335649%2C%22rn%22%3A21%2C%22item_ecpm%22%3A0%2C%22ump_price%22%3A%228.63%22%2C%22isXClose%22%3Afalse%2C%22x_object_id%22%3A812961451858%7D&
1003686001289,海南三亚四角豆龙豆皇帝豆杨桃豆包邮,,,,https://item.taobao.com/item.htm?id=1003686001289&xxc=home_recommend&scm=1007.40986.467924.0&pvid=01eaa124-14ae-41e2-a647-5cb7b81668d6&skuId=5993715892212&mi_id=0000KHJkRSilkZP8ysYHTE2bdtWTd5TdmWJrROD1JRIdJ-8&utparam=%7B%22item_ctr%22%3A0.09096240997314453%2C%22x_object_type%22%3A%22item%22%2C%22matchType%22%3A%22dm_pvlist_odl%22%2C%22item_price%22%3A%228.13%22%2C%22item_cvr%22%3A0.010570496320724487%2C%22umpCalled%22%3Atrue%2C%22pc_ctr%22%3A0.021536022424697876%2C%22pc_scene%22%3A%2220001%22%2C%22userId%22%3A12808293%2C%22ab_info%22%3A%2230986%23467924%230_30986%23528214%2358507_30986%23527807%2358418_30986%23537217%2360408_30986%23521582%2357267_30986%23526067%2358189_30986%23533297%2359487_30986%23528944%2357910_30986%23530923%2359037_30986%23532805%2359017_30986%23528109%2358485_30986%23545019%2362063_30986%23537488%2360469_30986%23546628%2362403_30986%23537987%2360586_30986%23547837%2362654_30986%23538037%2360595%22%2C%22tpp_buckets%22%3A%2230986%23467924%230_30986%23528214%2358507_30986%23527807%2358418_30986%23537217%2360408_30986%23521582%2357267_30986%23526067%2358189_30986%23533297%2359487_30986%23528944%2357910_30986%23530923%2359037_30986%23532805%2359017_30986%23528109%2358485_30986%23545019%2362063_30986%23537488%2360469_30986%23546628%2362403_30986%23537987%2360586_30986%23547837%2362654_30986%23538037%2360595%22%2C%22aplus_abtest%22%3A%22a57179acc2b89085305330ac66ae2ada%22%2C%22isLogin%22%3Atrue%2C%22abid%22%3A%22528214_527807_537217_521582_526067_533297_528944_530923_532805_528109_545019_537488_546628_537987_547837_538037%22%2C%22pc_pvid%22%3A%2201eaa124-14ae-41e2-a647-5cb7b81668d6%22%2C%22isWeekLogin%22%3Afalse%2C%22pc_alg_score%22%3A0.0917375539453%2C%22rn%22%3A22%2C%22item_ecpm%22%3A0%2C%22ump_price%22%3A%228.13%22%2C%22isXClose%22%3Afalse%2C%22x_object_id%22%3A1003686001289%7D&
638265721807,贵州飞天茅台500ml白酒单瓶,,,,https://item.taobao.com/item.htm?id=638265721807&xxc=home_recommend&scm=1007.40986.467924.0&pvid=01eaa124-14ae-41e2-a647-5cb7b81668d6&skuId=5992114394898&mi_id=0000DiqH87Rev6lGgZIbPKIZN2hA69d4Lf9Mukk1FCDeekg&utparam=%7B%22item_ctr%22%3A0.2256883978843689%2C%22x_object_type%22%3A%22item%22%2C%22matchType%22%3A%22nann_base%22%2C%22item_price%22%3A%22879%22%2C%22item_cvr%22%3A0.00008890032768249512%2C%22umpCalled%22%3Atrue%2C%22pc_ctr%22%3A0.030251115560531616%2C%22pc_scene%22%3A%2220001%22%2C%22userId%22%3A12808293%2C%22ab_info%22%3A%2230986%23467924%230_30986%23528214%2358507_30986%23527807%2358418_30986%23537217%2360408_30986%23521582%2357267_30986%23526067%2358189_30986%23533297%2359487_30986%23528944%2357910_30986%23530923%2359037_30986%23532805%2359017_30986%23528109%2358485_30986%23545019%2362063_30986%23537488%2360469_30986%23546628%2362403_30986%23537987%2360586_30986%23547837%2362654_30986%23538037%2360595%22%2C%22tpp_buckets%22%3A%2230986%23467924%230_30986%23528214%2358507_30986%23527807%2358418_30986%23537217%2360408_30986%23521582%2357267_30986%23526067%2358189_30986%23533297%2359487_30986%23528944%2357910_30986%23530923%2359037_30986%23532805%2359017_30986%23528109%2358485_30986%23545019%2362063_30986%23537488%2360469_30986%23546628%2362403_30986%23537987%2360586_30986%23547837%2362654_30986%23538037%2360595%22%2C%22aplus_abtest%22%3A%22b8fa79c068b4806d68ab99ebfb3b6142%22%2C%22isLogin%22%3Atrue%2C%22abid%22%3A%22528214_527807_537217_521582_526067_533297_528944_530923_532805_528109_545019_537488_546628_537987_547837_538037%22%2C%22pc_pvid%22%3A%2201eaa124-14ae-41e2-a647-5cb7b81668d6%22%2C%22isWeekLogin%22%3Afalse%2C%22pc_alg_score%22%3A0.09096703988419%2C%22rn%22%3A23%2C%22item_ecpm%22%3A0%2C%22ump_price%22%3A%22879%22%2C%22isXClose%22%3Afalse%2C%22x_object_id%22%3A638265721807%7D&
948061789245,地漏防臭器下水管道防返臭神器,,,,https://item.taobao.com/item.htm?id=948061789245&xxc=home_recommend&scm=1007.40986.467924.0&pvid=01eaa124-14ae-41e2-a647-5cb7b81668d6&skuId=5857974109926&mi_id=0000uY-HFL3Xkm3GuFwpNIP2vNBrqKpXZrYiMnHtyiNrddY&utparam=%7B%22item_ctr%22%3A0.10116326808929443%2C%22x_object_type%22%3A%22item%22%2C%22matchType%22%3A%22dm_pvlist_odl%22%2C%22item_price%22%3A%224.8%22%2C%22item_cvr%22%3A0.010448604822158813%2C%22umpCalled%22%3Atrue%2C%22pc_ctr%22%3A0.02058398723602295%2C%22pc_scene%22%3A%2220001%22%2C%22userId%22%3A12808293%2C%22ab_info%22%3A%2230986%23467924%230_30986%23528214%2358507_30986%23527807%2358418_30986%23537217%2360408_30986%23521582%2357267_30986%23526067%2358189_30986%23533297%2359487_30986%23528944%2357910_30986%23530923%2359037_30986%23532805%2359017_30986%23528109%2358485_30986%23545019%2362063_30986%23537488%2360469_30986%23546628%2362403_30986%23537987%2360586_30986%23547837%2362654_30986%23538037%2360595%22%2C%22tpp_buckets%22%3A%2230986%23467924%230_30986%23528214%2358507_30986%23527807%2358418_30986%23537217%2360408_30986%23521582%2357267_30986%23526067%2358189_30986%23533297%2359487_30986%23528944%2357910_30986%23530923%2359037_30986%23532805%2359017_30986%23528109%2358485_30986%23545019%2362063_30986%23537488%2360469_30986%23546628%2362403_30986%23537987%2360586_30986%23547837%2362654_30986%23538037%2360595%22%2C%22aplus_abtest%22%3A%22a866210459b32a728039c801edb2dca3%22%2C%22isLogin%22%3Atrue%2C%22abid%22%3A%22528214_527807_537217_521582_526067_533297_528944_530923_532805_528109_545019_537488_546628_537987_547837_538037%22%2C%22pc_pvid%22%3A%2201eaa124-14ae-41e2-a647-5cb7b81668d6%22%2C%22isWeekLogin%22%3Afalse%2C%22pc_alg_score%22%3A0.087692359558%2C%22rn%22%3A24%2C%22item_ecpm%22%3A0%2C%22ump_price%22%3A%224.8%22%2C%22isXClose%22%3Afalse%2C%22x_object_id%22%3A948061789245%7D&
